name,resolution_pattern,price,display_pattern,number_of_cameras_in_phone,ppi_pattern,inches_pattern,camera_pattern,capacity_pattern,date,chipset_pattern,process_pattern,processer_type,gpu_pattern,os,space_limit_pattern,UFS,microsd_pattern,speakers_pattern,fingerprint_pattern,other_sensors_pattern,weight_pattern,sim_pattern,usb_pattern,bluetooth_pattern,refresh_rate_pattern
Samsung Galaxy S23 Ultra,1440x3088 pixels,1200,Dynamic AMOLED 2X   ,Quad,501 ppi,6.8 inches,200 MP f/1.7 OIS 10 MP f/4.9 OIS 10x optical zoom 10 MP f/2.4 OIS 3x optical zoom 12 MP f/2.2 12 MP f/2.2,5000 mAh,2023February01,Octa-core 1x3.2 GHz Cortex-X3 & 2x2.8 GHz Cortex-A715 & 2x2.8 GHz Cortex-A710 & 3x2.0 GHz Cortex-A510,4 nm,Snapdragon 8 Gen 2      ,Adreno 740    ,Android 13 One UI 5.1,256/512/1000GB   ,4.0,No microSD,Stereo Speakers  ,Fingerprint: Under display,Accelerometer Gyro Proximity Compass Barometer,234 g,Nano-SIM eSIM Dual SIM Nano-SIM eSIM,USB Type-C 3.2 ,5.3,120Hz
Samsung Galaxy Z Fold3 5G,1768x2208 pixels,1799,Dynamic AMOLED 2X    Dynamic AMOLED 2X   ,Triple,374 ppi,7.6 inches,12 MP f/1.8 OIS 12 MP f/2.4 OIS 2x optical zoom 12 MP f/2.2 16 MP f/1.8 10 MP f/2.2,4400 mAh,2021August11,Octa-core 1x2.84 GHz Kryo 680 & 3x2.42 GHz Kryo 680 & 4x1.80 GHz Kryo 680,5 nm,Snapdragon 888       ,Adreno 660    ,Android 11 One UI 3.5, 256/512GB  ,3.1,No microSD,Stereo Speakers  ,Fingerprint: Side-mounted,Accelerometer Gyro Proximity Compass Barometer,271 g,Nano-SIM eSIM,USB Type-C 3.2 ,5.2,120Hz
Samsung Galaxy A73 5G,1080x2400 pixels,428, Super AMOLED+  ,Quad,405 ppi,6.7 inches,108 MP f/1.8 OIS 12 MP f/2.2 5 MP f/2.4 5 MP f/2.4 32 MP f/2.2,5000 mAh,2022March17,Octa-core 4x2.4 GHz Kryo 670 & 4x1.8 GHz Kryo 670,6 nm, Snapdragon 778G     ,Adreno 642    ,Android 12 One UI 4.1, 128/256GB  ,unknown,microSDXC, Loudspeaker ,Fingerprint: Under display,Accelerometer Gyro Proximity Compass,181 g,Nano-SIM Dual SIM Nano-SIM,USB Type-C 2.0 ,5.0,120Hz
Samsung Galaxy S22 Ultra 5G,1440x3080 pixels,1199,Dynamic AMOLED 2X   ,Quad,500 ppi,6.8 inches,108 MP f/1.8 OIS 10 MP f/4.9 OIS 10x optical zoom 10 MP f/2.4 OIS 3x optical zoom 12 MP f/2.2 40 MP f/2.2,5000 mAh,2022February09,Octa-core 1x3.00 GHz Cortex-X2 & 3x2.40 GHz Cortex-A710 & 4x1.70 GHz Cortex-A510,4 nm 4 nm,Snapdragon 8 Gen 1         Exynos 2200    ,Adreno 730      Xclipse 920   ,Android 12 One UI 4.1,256/512/1000GB   ,3.1,No microSD,Stereo Speakers  ,Fingerprint: Under display,Accelerometer Gyro Proximity Compass Barometer,228 g 229 g,Nano-SIM Dual SIM Nano-SIM eSIM,USB Type-C 3.2 ,5.2,120Hz
Samsung Galaxy S22+ 5G,1080x2340 pixels,999,Dynamic AMOLED 2X   ,Triple,393 ppi,6.6 inches,50 MP f/1.8 OIS 10 MP f/2.4 OIS 3x optical zoom 12 MP f/2.2 10 MP f/2.2,4500 mAh,2022February09,Octa-core 1x3.00 GHz Cortex-X2 & 3x2.40 GHz Cortex-A710 & 4x1.70 GHz Cortex-A510,4 nm 4 nm,Snapdragon 8 Gen 1         Exynos 2200    ,Adreno 730      Xclipse 920   ,Android 12 One UI 4.1, 128/256GB  ,3.1,No microSD,Stereo Speakers  ,Fingerprint: Under display,Accelerometer Gyro Proximity Compass Barometer,195 g 196 g,Nano-SIM Dual SIM Nano-SIM eSIM,USB Type-C 3.2 ,5.2,120Hz
Samsung Galaxy S23+,1080x2340 pixels,1000,Dynamic AMOLED 2X   ,Triple,390 ppi,6.6 inches,50 MP f/1.8 OIS 10 MP f/2.4 3x optical zoom 12 MP f/2.2 12 MP f/2.2,4700 mAh,2023February01,Octa-core 1x3.2 GHz Cortex-X3 & 2x2.8 GHz Cortex-A715 & 2x2.8 GHz Cortex-A710 & 3x2.0 GHz Cortex-A510,4 nm,Snapdragon 8 Gen 2      ,Adreno 740    ,Android 13 One UI 5.1, 256/512GB  ,4.0,No microSD,  Stereo speakers,Fingerprint: Under display,Accelerometer Gyro Proximity Compass Barometer,196 g,Nano-SIM eSIM Dual SIM Nano-SIM eSIM,USB Type-C 3.2 ,5.3,120Hz
Samsung Galaxy A53 5G,1080x2400 pixels,419,  Super AMOLED ,Quad,405 ppi,6.5 inches,64 MP f/1.8 OIS 12 MP f/2.2 5 MP f/2.4 5 MP f/2.4 32 MP f/2.2,5000 mAh,2022March17,Octa-core 2.4 GHz & 2.0 GHz,5 nm,  Exynos 1280    ,  Mali-G68 MC4  ,Android 12 One UI 4.1, 128/256GB  ,unknown,microSDXC,Stereo Speakers  ,Fingerprint: Side-mounted,Accelerometer Gyro Compass,189 g,Nano-SIM Dual SIM Nano-SIM,USB Type-C 2.0 ,5.1,120Hz
Samsung Galaxy A34 5G,1080x2340 pixels,411,  Super AMOLED ,Triple,390 ppi,6.6 inches,48 MP f/1.8 OIS 8 MP f/2.2 5 MP f/2.4 13 MP f/2.2,5000 mAh,2023March15,Octa-core 2x2.6 GHz Cortex-A78 & 6x2.0 GHz Cortex-A55,6 nm,   MediaTek MT6877V   ,  Mali-G68 MC4  ,Android 13 One UI 5.1, 128/256GB  ,unknown,microSDXC,Stereo Speakers  ,Fingerprint: Under display,Accelerometer Gyro Compass,199 g,Nano-SIM Dual SIM Nano-SIM,USB Type-C 2.0 ,5.3,120Hz
Samsung Galaxy A54 5G,1080x2340 pixels,517,  Super AMOLED ,Triple,403 ppi,6.4 inches,50 MP f/1.8 OIS 12 MP f/2.2 5 MP f/2.4 32 MP f/2.2,5000 mAh,2023March15,Octa-core 4x2.4 GHz Cortex-A78 & 4x2.0 GHz Cortex-A55,5 nm,  Exynos 1380    ,  Mali-G68 MP5  ,Android 13 One UI 5.1, 128/256GB  ,unknown,microSDXC,Stereo Speakers  ,Fingerprint: Under display,Accelerometer Gyro Compass,202 g,Nano-SIM eSIM Dual SIM Nano-SIM,USB Type-C 2.0 ,5.3,120Hz
Samsung Galaxy A04e,720x1600 pixels,83,   PLS LCD,Dual,270 ppi,6.5 inches,13 MP f/2.2 2 MP f/2.4 5 MP f/2.2,5000 mAh,2022October21,Octa-core 4x2.3 GHz Cortex-A53 & 4x1.8 GHz Cortex-A53,12 nm,   MediaTek MT6765   ,  PowerVR GE8320  ,Android 12,32/64/128GB   ,unknown,microSDXC, Loudspeaker ,unknown,Accelerometer Proximity,188 g,Nano-SIM Dual SIM Nano-SIM,USB Type-C 2.0 ,5.0,unknown
Huawei Mate Xs 2,2200x2480 pixels,1512,   Foldable OLED    OLED,Triple,424 ppi,7.8 inches,50 MP f/1.8 8 MP f/2.4 OIS 3x optical zoom 13 MP f/2.2 7 MP f/2.2,4600 mAh 4880 mAh,2022April28,Octa-core 1x2.84 GHz Kryo 680 & 3x2.42 GHz Kryo 680 & 4x1.80 GHz Kryo 680,5 nm,Snapdragon 888       ,Adreno 660    ,HarmonyOS 2.0,  512GB    12GB   256/512GB  ,unknown,Nano Memory,Stereo Speakers  ,Fingerprint: Side-mounted,Accelerometer Gyro Proximity Compass Barometer,255 g 257 g,Nano Dual SIM Nano-SIM,USB Type-C 3.1 ,5.2,120Hz
Samsung Galaxy A04,720x1600 pixels,100,   PLS LCD,Dual,270 ppi,6.5 inches,50 MP f/1.8 2 MP f/2.4 5 MP f/2.2,5000 mAh,2022August24,Octa-core 4x1.6 GHz Cortex-A55 & 4x1.2 GHz Cortex-A55,28 nm,   Unisoc SC9863A   ,  IMG8322  ,Android 12,32/64/128GB   ,unknown,microSDXC, Loudspeaker ,unknown,Accelerometer Proximity,192 g,Nano-SIM Dual SIM Nano-SIM, microUSB 2.0,5.0,unknown
Samsung Galaxy A24 4G,1080x2340 pixels,219,  Super AMOLED ,Triple,396 ppi,6.5 inches,50 MP f/1.8 OIS 5 MP f/2.2 2 MP f/2.4 13 MP f/2.2,5000 mAh,2023April19,Octa-core 2x2.2 GHz Cortex-A76 & 6x2.0 GHz Cortex-A55,6 nm,   MediaTek MT8781   ,  Mali-G57 MC2  ,Android 13 One UI 5.1,  128GB ,unknown,microSDXC, Loudspeaker ,Fingerprint: Side-mounted,Accelerometer Gyro Compass,195 g,Nano-SIM Dual SIM Nano-SIM,USB Type-C 2.0 ,5.3,90Hz
Tecno Pop 7,720x1612 pixels,122,   IPS LCD,Dual,267 ppi,6.6 inches,8 MP f/2.0 5 MP,5000 mAh,2023March28,unknown,unknown,      MediaTek ,   PowerVR ,Android 12,  64GB ,unknown,microSDXC, Loudspeaker ,Fingerprint: Rear-mounted,Accelerometer Proximity,unknown,Dual SIM Nano-SIM,USB Type-C 2.0 ,5.0,unknown
Samsung Galaxy A04s,720x1600 pixels,170,   PLS LCD,Triple,270 ppi,6.5 inches,50 MP f/1.8 2 MP f/2.4 2 MP f/2.4 5 MP f/2.2,5000 mAh,2022August31,Octa-core 4x2.0 GHz Cortex-A55 & 4x2.0 GHz Cortex-A55,8 nm,  Exynos 850    ,  Mali-G52  ,Android 12,32/64/128GB   ,unknown,microSDXC, Loudspeaker ,Fingerprint: Side-mounted,Accelerometer,195 g,Dual SIM Nano-SIM,USB Type-C 2.0 ,5.0,90Hz
Samsung Galaxy A33 5G,1080x2400 pixels,410,  Super AMOLED ,Quad,411 ppi,6.4 inches,48 MP f/1.8 OIS 8 MP f/2.2 5 MP f/2.4 2 MP f/2.4 13 MP f/2.2,5000 mAh,2022March17,Octa-core 2.4 GHz & 2.0 GHz,5 nm,  Exynos 1280    ,  Mali-G68 MC4  ,Android 12 One UI 4.1, 128/256GB  ,unknown,microSDXC,Stereo Speakers  ,Fingerprint: Side-mounted,Accelerometer Gyro Compass,186 g,Nano-SIM Dual SIM Nano-SIM,USB Type-C 2.0 ,5.1,90Hz
Samsung Galaxy A14,1080x2408 pixels,140,   PLS LCD,Triple,400 ppi,6.6 inches,50 MP f/1.8 5 MP f/2.2 2 MP f/2.4 13 MP f/2.0,5000 mAh,2023February28,Octa-core 2x2.0 GHz Cortex-A75 & 6x1.8 GHz Cortex-A55,12 nm,   MediaTek MT6769   ,  Mali-G52 MC2  ,Android 13, 64/128GB  ,unknown,microSDXC, Loudspeaker ,Fingerprint: Side-mounted,Accelerometer Proximity Compass,201 g,Nano-SIM Dual SIM Nano-SIM,USB Type-C 2.0 ,5.1,unknown
Tecno Spark 10,720x1612 pixels,114,   IPS LCD,Dual,267 ppi,6.6 inches,50 MP 8 MP,5000 mAh,2023March23,Octa-core 4x2.3 GHz Cortex-A53 & 4x1.7 GHz Cortex-A53,12 nm,   MediaTek MT6765   ,  PowerVR GE8320  ,Android 12,  128GB ,unknown,microSDXC, Loudspeaker ,Fingerprint: Side-mounted,Accelerometer Proximity Compass,unknown,Dual SIM Nano-SIM,USB Type-C 2.0 ,unknown,90Hz
Tecno Spark 10 Pro,1080x2460 pixels,149,   IPS LCD,Dual,395 ppi,6.8 inches,50 MP f/1.6 32 MP,5000 mAh,2023March06,Octa-core 2x2.0 GHz Cortex-A75 & 6x1.8 GHz Cortex-A55,12 nm,    MediaTek Helio G88  ,  Mali-G52 MC2  ,Android 13, 128/256GB  ,unknown,microSDXC, Loudspeaker ,Fingerprint: Side-mounted,Accelerometer Proximity Compass,208 g,Dual SIM Nano-SIM,USB Type-C 2.0 ,unknown,90Hz
Tecno Pova 5,1080x2460 pixels,145,   IPS LCD,Dual,396 ppi,6.78 inches,50 MP 08 MP 8 MP,6000 mAh,2023June29,Octa-core 2x2.2 GHz Cortex-A76 & 6x2.0 GHz Cortex-A55,6 nm,   MediaTek MT8781   ,  Mali-G52 MC2  ,Android 13, 128/256GB  ,unknown,microSDXC,Stereo Speakers  ,Fingerprint: Side-mounted,Accelerometer Compass,4 g,Dual SIM Nano-SIM,USB Type-C 2.0 ,5.0,120Hz
Tecno Spark 10C,720x1612 pixels,113,   IPS LCD,Dual,269 ppi,6.6 inches,16 MP 8 MP,5000 mAh,2023March23,Octa-core 2x1.6 GHz Cortex-A75 & 6x1.6 GHz Cortex-A55,12 nm,   Unisoc T606   ,  Mali-G57 MP1  ,Android 12,  128GB ,unknown,microSDXC, Loudspeaker ,Fingerprint: Side-mounted,Accelerometer Proximity Compass,192 g,Dual SIM Nano-SIM,USB Type-C 2.0 ,unknown,90Hz
Infinix Smart 7,720x1612 pixels,95,   IPS LCD,Dual,267 ppi,6.6 inches,13 MP 3 MP 5 MP,5000 mAh,2023February09,Octa-core 4x2.0 GHz Cortex-A53 & 4x1.5 GHz Cortex-A53,12 nm,    MediaTek Helio G25  ,  PowerVR GE8320  ,Android 12,  64GB ,unknown,microSDXC, Loudspeaker ,Fingerprint: Rear-mounted,Accelerometer Proximity,188 g,Dual SIM Nano-SIM, microUSB 2.0,5.0,unknown
Tecno Spark Go 2023,720x1600 pixels,85,   IPS LCD,Dual,267 ppi,6.56 inches,13 MP f/1.9 5 MP,5000 mAh,2023January19,unknown,12 nm,   MediaTek MT6761   ,  PowerVR GE8320  ,Android 12, 32/64GB  ,unknown,microSDXC, Loudspeaker ,Fingerprint: Rear-mounted,Accelerometer Proximity,199 g,Dual SIM Nano-SIM,USB Type-C 2.0 ,5.0,unknown
Infinix Hot 20i,720x1612 pixels,120,   IPS LCD,Dual,267 ppi,6.6 inches,13 MP f/1.8 8 MP,5000 mAh,2022October06,Octa-core 4x2.0 GHz Cortex-A53 & 4x1.5 GHz Cortex-A53,12 nm,   MediaTek MT6762G   ,  PowerVR GE8320  ,Android 12, 64/128GB  ,unknown,microSDXC, Loudspeaker ,Fingerprint: Rear-mounted,Accelerometer Proximity,195 g,Dual SIM Nano-SIM, microUSB 2.0,5.0,unknown
Infinix Hot 30 Play NFC,720x1640 pixels,120,   IPS LCD,Dual,263 ppi,6.82 inches,16 MP f/1.8 8 MP f/2.0,6000 mAh,2023May22,Octa-core 4x2.3 GHz Cortex-A53 & 4x1.7 GHz Cortex-A53,12 nm,   MediaTek MT6765   ,  PowerVR GE8320  ,Android 13,  128GB ,unknown,microSDXC, Loudspeaker ,Fingerprint: Side-mounted,Accelerometer Proximity Compass,205 g,Dual SIM Nano-SIM,USB Type-C 2.0 ,unknown,90Hz
Infinix Smart 7 India,720x1612 pixels,88,   IPS LCD,Dual,267 ppi,6.6 inches,13 MP 3 MP 5 MP,6000 mAh,2023February22,Octa-core 4x1.6 GHz Cortex-A55 & 4x1.2 GHz Cortex-A55,28 nm,    Unisoc SC9863A1  ,  IMG8322  ,Android 12,  64GB ,unknown,microSDXC, Loudspeaker ,Fingerprint: Rear-mounted,Accelerometer Proximity Compass,207 g,Dual SIM Nano-SIM,USB Type-C 2.0 ,4.2,unknown
Infinix Hot 30i,720x1612 pixels,122,   IPS LCD,Dual,269 ppi,6.56 inches,13 MP f/1.9 8 MP f/2.0,5000 mAh,2023March31,Octa-core 2x1.6 GHz Cortex-A75 & 6x1.6 GHz Cortex-A55,12 nm,   Unisoc T606   ,  Mali-G57 MP1  ,Android 12, 64/128GB  ,2.2,microSDXC, Loudspeaker ,Fingerprint: Side-mounted,Accelerometer Proximity Compass,191 g,Dual SIM Nano-SIM,USB Type-C 2.0 ,unknown,90Hz
Infinix Note 12 G96,1080x2400 pixels,200,   AMOLED,Triple,393 ppi,6.7 inches,50 MP f/1.6 2 MP f/2.4 16 MP,5000 mAh,2022May16,Octa-core 2x2.05 GHz Cortex-A76 & 6x2.0 GHz Cortex-A55,12 nm,   MediaTek MT6781   ,  Mali-G57 MC2  ,Android 12, 128/256GB  ,unknown,microSDXC,  Dual Speakers,Fingerprint: Side-mounted,Accelerometer Gyro Proximity Compass,185 g,Dual SIM Nano-SIM,USB Type-C 2.0 ,5.0,unknown
Infinix Hot 20S,1080x2460 pixels,159,   IPS LCD,Triple,396 ppi,6.78 inches,50 MP f/1.6 2 MP 2 MP 8 MP,5000 mAh,2022October13,Octa-core 2x2.05 GHz Cortex-A76 & 6x2.0 GHz Cortex-A55,12 nm,   MediaTek MT6781   ,  Mali-G57 MC2  ,Android 12,  128GB ,unknown,microSDXC,Stereo Speakers  ,Fingerprint: Side-mounted,Accelerometer Proximity Compass,202 g,Dual SIM Nano-SIM,USB Type-C 2.0 ,5.0,120Hz
Infinix Note 30,1080x2460 pixels,150,   IPS LCD,Triple,396 ppi,6.78 inches,64 MP f/1.7 2 MP f/2.4 16 MP f/2.0,5000 mAh,2023May22,Octa-core 2x2.2 GHz Cortex-A76 & 6x2.0 GHz Cortex-A55,6 nm,   MediaTek MT8781   ,  Mali-G57 MC2  ,Android 13, 128/256GB  ,unknown,microSDXC,  Dual Speakers,Fingerprint: Side-mounted,Accelerometer Gyro Proximity Compass,219 g,Dual SIM Nano-SIM,USB Type-C 2.0 ,5.0,120Hz
Infinix Hot 20,720x1640 pixels,160,   IPS LCD,Dual,267 ppi,6.82 inches,50 MP f/1.6 8 MP,5000 mAh,2022October13,Octa-core 2x2.0 GHz Cortex-A75 & 6x1.8 GHz Cortex-A55,12 nm,    MediaTek Helio G85  ,  Mali-G52 MC2  ,Android 12,  128GB ,unknown,microSDXC, Loudspeaker ,Fingerprint: Side-mounted,Accelerometer Proximity Compass,198 g,Dual SIM Nano-SIM,USB Type-C 2.0 ,5.0,90Hz
Infinix Hot 30,1080x2460 pixels,144,   IPS LCD,Dual,396 ppi,6.78 inches,50 MP f/1.6 8 MP f/2.5,5000 mAh,2023March31,Octa-core 2x2.0 GHz Cortex-A75 & 6x1.8 GHz Cortex-A55,12 nm,    MediaTek Helio G88  ,  Mali-G52 MC2  ,Android 13, 128/256GB  ,unknown,microSDXC,Stereo Speakers  ,Fingerprint: Side-mounted,Accelerometer Proximity Compass,196 g,Dual SIM Nano-SIM,USB Type-C 2.0 ,unknown,90Hz
Vivo Y16,720x1600 pixels,120,   IPS LCD,Dual,270 ppi,6.51 inches,13 MP f/2.2 2 MP f/2.4 5 MP f/2.2,5000 mAh,2022September01,Octa-core 4x2.3 GHz Cortex-A53 & 4x1.8 GHz Cortex-A53,12 nm,   MediaTek MT6765   ,  PowerVR GE8320  ,Android 12,32/64/128GB   ,unknown,microSDXC, Loudspeaker ,Fingerprint: Side-mounted,Accelerometer Proximity Compass,184 g,Dual SIM Nano-SIM, USB Type-C,5.0,unknown
Vivo Y02,720x1600 pixels,95,   IPS LCD,Single,270 ppi,6.51 inches,8 MP f/2.0 5 MP f/2.2,5000 mAh,2022November29,Octa-core 4x2.35 GHz Cortex-A53 & 4x1.8 GHz Cortex-A53,12 nm,   MediaTek MT6765   ,  PowerVR GE8320  ,Android 12,  32GB ,unknown,microSDXC, Loudspeaker ,unknown,Accelerometer Proximity,186 g,Dual SIM Nano-SIM, microUSB 2.0,5.0,unknown
Vivo Y27,1080x2388 pixels,155,   IPS LCD,Dual,395 ppi,6.64 inches,50 MP f/1.8 2 MP f/2.4 8 MP f/2.0,5000 mAh,2023July20,Octa-core 2x2.0 GHz Cortex-A75 & 6x1.8 GHz Cortex-A55,12 nm,   MediaTek MT6769   ,  Mali-G52 MC2  ,Android 13,  128GB ,unknown,No microSD, Loudspeaker ,Fingerprint: Side-mounted,Accelerometer Proximity Compass,190 g,Dual SIM Nano-SIM,USB Type-C 2.0 ,5.0,unknown
Vivo Y36,1080x2388 pixels,226,   IPS LCD,Triple,395 ppi,6.64 inches,50 MP f/1.8 2 MP f/2.4 2 MP f/2.4 16 MP f/2.5,5000 mAh,2023May27,Octa-core 4x2.4 GHz Kryo 265 Gold & 4x1.9 GHz Kryo 265 Silver,6 nm,Snapdragon 680       ,Adreno 610    ,Android 13, 128/256GB  ,unknown,microSDXC, Loudspeaker ,Fingerprint: Side-mounted,Accelerometer Gyro Proximity Compass,202 g,Dual SIM Nano-SIM,USB Type-C 2.0 ,5.1,90Hz
Vivo Y35,1080x2408 pixels,225,   IPS LCD,Triple,401 ppi,6.58 inches,50 MP f/1.8 2 MP f/2.4 2 MP f/2.4 16 MP f/2.0,5000 mAh,2022August15,Octa-core 4x2.4 GHz Kryo 265 Gold & 4x1.9 GHz Kryo 265 Silver,6 nm,Snapdragon 680       ,Adreno 610    ,Android 11,  128GB ,unknown,microSDXC, Loudspeaker ,Fingerprint: Side-mounted,Accelerometer Gyro Proximity Compass,188 g,unknown,USB Type-C 2.0 ,5.0,unknown
Vivo Y22s,720x1612 pixels,255,   IPS LCD,Dual,270 ppi,6.55 inches,50 MP f/1.8 2 MP f/2.4 8 MP f/2.0,5000 mAh,unknown,Octa-core 4x2.4 GHz Kryo 265 Gold & 4x1.9 GHz Kryo 265 Silver,6 nm,Snapdragon 680       ,Adreno 610    ,Android 12,  128GB ,unknown,microSDXC, Loudspeaker ,Fingerprint: Side-mounted,Accelerometer Proximity Compass,192 g,Dual SIM Nano-SIM,USB Type-C 2.0 ,5.0,unknown
Vivo Y53s,1080x2408 pixels,281,   IPS LCD,Dual,401 ppi,6.58 inches,64 MP f/1.8 2 MP f/2.4 8 MP f/2.0,5000 mAh,2021June09,Octa-core 2x2.0 GHz Kryo 460 & 6x1.8 GHz Kryo 460,8 nm,Snapdragon 480       ,Adreno 619    ,Android 11, 128/256GB  ,unknown,No microSD, Loudspeaker ,Fingerprint: Side-mounted,Accelerometer Gyro Proximity,189 g,Dual SIM Nano-SIM,USB Type-C 2.0 ,5.1,90Hz
Vivo V25e,1080x2404 pixels,310,   AMOLED,Triple,409 ppi,6.44 inches,64 MP f/1.8 OIS 2 MP f/2.4 2 MP f/2.4 32 MP f/2.0,4500 mAh,2022August30,Octa-core 2x2.2 GHz Cortex-A76 & 6x2.0 GHz Cortex-A55,6 nm,    MediaTek Helio G99  ,  Mali-G57 MC2  ,Android 12,  256GB ,unknown,No microSD, Loudspeaker ,Fingerprint: Under display,Accelerometer Gyro Proximity Compass,183 g,Dual SIM Nano-SIM,USB Type-C 2.0 ,5.2,90Hz
Vivo X Fold,1916x2160 pixels,1300,   Foldable LTPO AMOLED    AMOLED,Quad,360 ppi,8.03 inches,50 MP f/1.8 OIS 8 MP f/3.4 OIS 5x optical zoom 12 MP f/2.0 2x optical zoom 48 MP f/2.2 16 MP f/2.5,4600 mAh,2022April11,Octa-core 1x3.00 GHz Cortex-X2 & 3x2.50 GHz Cortex-A710 & 4x1.80 GHz Cortex-A510,4 nm,Snapdragon 8 Gen 1      ,Adreno 730    ,Android 12, 256/512GB  ,3.1,No microSD,Stereo Speakers  ,Fingerprint: Under display,Accelerometer Gyro Proximity Compass Barometer,311 g,Nano-SIM,USB Type-C 3.2 ,5.2,120Hz
Realme C33,720x1600 pixels,110,   IPS LCD,Dual,270 ppi,6.5 inches,50 MP 3 MP f/2.8 5 MP f/2.2,5000 mAh,2022September06,Octa-core 2x1.8 GHz Cortex-A75 & 6x1.8 GHz Cortex-A55,12 nm,     Unisoc Tiger T612 ,  Mali-G57  ,Android 12,32/64/128GB   ,2.2,microSDXC, Loudspeaker ,Fingerprint: Side-mounted,Accelerometer Proximity,187 g,Dual SIM Nano-SIM, microUSB 2.0,5.0,120Hz
Vivo V23e,1080x2400 pixels,373,   AMOLED,Triple,409 ppi,6.44 inches,64 MP f/1.8 8 MP f/2.2 2 MP f/2.4 50 MP f/2.0,4050 mAh,2021November09,Octa-core 2x2.05 GHz Cortex-A76 & 6x2.0 GHz Cortex-A55,12 nm,    MediaTek Helio G96  ,  Mali-G57 MC2  ,Android 11,  128GB ,unknown,microSDXC, Loudspeaker ,Fingerprint: Under display,Accelerometer Gyro Proximity Compass,172 g,Dual SIM Nano-SIM, USB Type-C,5.2,unknown
Realme C30s,720x1600 pixels,95,   IPS LCD,Single,270 ppi,6.5 inches,8 MP 5 MP,5000 mAh,2022September14,Octa-core 2x1.8 GHz Cortex-A75 & 6x1.8 GHz Cortex-A55,12 nm,     Unisoc Tiger T612 ,  IMG8322  ,Android 12, 32/64GB  ,unknown,microSDXC, Loudspeaker ,Fingerprint: Side-mounted,Accelerometer Proximity,186 g,Dual SIM Nano-SIM, microUSB 2.0,unknown,unknown
Realme C25Y,720x1600 pixels,164,   IPS LCD,Triple,270 ppi,6.5 inches,50 MP f/1.8 2 MP f/2.4 2 MP f/2.4 8 MP f/2.0,5000 mAh,2021September16,Octa-core 2x1.8 GHz Cortex-A75 & 6x1.8 GHz Cortex-A55,12 nm,   Unisoc T610   ,  Mali-G52  ,Android 11, 64/128GB  ,unknown,microSDXC, Loudspeaker ,Fingerprint: Rear-mounted,Accelerometer Proximity Compass,200 g,Dual SIM Nano-SIM, microUSB 2.0,5.0,unknown
Vivo V27e,1080x2400 pixels,289,   AMOLED,Triple,398 ppi,6.62 inches,64 MP f/1.8 OIS 2 MP f/2.4 2 MP f/2.4 32 MP f/2.5,4600 mAh,2023March01,Octa-core 2x2.2 GHz Cortex-A76 & 6x2.0 GHz Cortex-A55,6 nm,   MediaTek MT8781   ,  Mali-G57 MC2  ,Android 13, 128/256GB  ,unknown,microSDXC,Stereo Speakers  ,Fingerprint: Under display,Accelerometer Proximity Compass,185 g,Dual SIM Nano-SIM,USB Type-C 2.0 ,5.2,120Hz
Vivo V25,1080x2404 pixels,400,   AMOLED,Triple,409 ppi,6.44 inches,64 MP f/1.8 OIS 8 MP f/2.2 2 MP f/2.4 50 MP f/2.0,4500 mAh,2022August17,Octa-core 2x2.4 GHz Cortex-A78 & 6x2.0 GHz Cortex-A55,6 nm,   MediaTek MT6877   ,  Mali-G68 MC4  ,Android 12, 128/256GB  ,3.1,No microSD, Loudspeaker ,Fingerprint: Under display,Accelerometer Gyro Proximity Compass,186 g,Dual SIM Nano-SIM,USB Type-C 2.0 ,5.2,90Hz
Realme 8,1080x2400 pixels,207,  Super AMOLED ,Quad,unknown,6.4 inches,64 MP f/1.8 8 MP f/2.3 2 MP f/2.4 2 MP f/2.4 16 MP f/2.5,5000 mAh,2021March24,Octa-core 2x2.05 GHz Cortex-A76 & 6x2.0 GHz Cortex-A55,12 nm,    MediaTek Helio G95  ,  Mali-G76 MC4  ,Android 11, 64/128GB  ,2.1,microSDXC, Loudspeaker ,Fingerprint: Under display,Accelerometer Gyro Proximity Compass,177 g,Dual SIM Nano-SIM,USB Type-C 2.0 ,5.1,unknown
Oppo A77 4G,720x1612 pixels,196,   IPS LCD,Dual,269 ppi,6.56 inches,50 MP f/1.8 2 MP f/2.4 8 MP f/2.0,5000 mAh,unknown,Octa-core 4x2.3 GHz Cortex-A53 & 4x1.8 GHz Cortex-A53,12 nm,   MediaTek MT6765G   ,  PowerVR GE8320  ,Android 12, 64/128GB  ,2.2,microSDXC,Stereo Speakers  ,Fingerprint: Side-mounted,Accelerometer Proximity Compass,187 g,Dual SIM Nano-SIM,USB Type-C 2.0 ,5.0,90Hz
Oppo A16K,720x1600 pixels,139,   IPS LCD,Single,269 ppi,6.52 inches,13 MP f/2.2 5 MP,4230 mAh,2021November08,Octa-core 4x2.3 GHz Cortex-A53 & 4x1.8 GHz Cortex-A53,12 nm,   MediaTek MT6765G   ,  PowerVR GE8320  ,Android 11, 32/64GB  ,unknown,microSDXC, Loudspeaker ,unknown,Accelerometer Proximity,175 g,Dual SIM Nano-SIM, microUSB 2.0,5.0,unknown
Realme C35,1080x2408 pixels,175,   IPS LCD,Triple,401 ppi,6.6 inches,50 MP f/1.8 2 MP f/2.4 2 MP f/2.8 8 MP f/2.0,5000 mAh,2022February10,Octa-core 2x2.0 GHz Cortex-A75 & 6x1.8 GHz Cortex-A55,12 nm,     Unisoc Tiger T616 ,  Mali-G57 MP1  ,Android 11, 64/128GB  ,2.2,microSDXC, Loudspeaker ,Fingerprint: Side-mounted,Accelerometer Gyro Proximity Compass,189 g,Dual SIM Nano-SIM,USB Type-C 2.0 ,5.0,unknown
Oppo Reno6 Z,1080x2400 pixels,412,   AMOLED,Triple,411 ppi,6.4 inches,64 MP f/1.7 8 MP f/2.2 2 MP f/2.4 32 MP f/2.4,4310 mAh,2021July20,Octa-core 2x2.4 GHz Cortex-A76 & 6x2.0 GHz Cortex-A55,7 nm,   MediaTek MT6853   ,  Mali-G57 MC3  ,Android 11, 128/256GB  ,unknown,microSDXC, Loudspeaker ,Fingerprint: Under display,Accelerometer Gyro Proximity Compass,173 g,Nano-SIM Dual SIM Nano-SIM,USB Type-C 2.0 ,5.1,unknown
Oppo A57 4G,720x1612 pixels,160,   IPS LCD,Dual,269 ppi,6.56 inches,13 MP f/2.2 2 MP f/2.4 8 MP f/2.0,5000 mAh,2022May27,Octa-core 4x2.3 GHz Cortex-A53 & 4x1.8 GHz Cortex-A53,12 nm,   MediaTek MT6765G   ,  PowerVR GE8320  ,Android 12, 64/128GB  ,unknown,microSDXC, Loudspeaker ,Fingerprint: Side-mounted,Accelerometer Proximity,187 g,Dual SIM Nano-SIM,USB Type-C 2.0 ,5.0,unknown
Oppo A77s,720x1612 pixels,241,   IPS LCD,Dual,269 ppi,6.56 inches,50 MP f/1.8 2 MP f/2.4 8 MP f/2.0,5000 mAh,2022October05,Octa-core 4x2.4 GHz Kryo 265 Gold & 4x1.9 GHz Kryo 265 Silver,6 nm,Snapdragon 680       ,Adreno 610    ,Android 12,  128GB ,2.2,microSDXC,Stereo Speakers  ,Fingerprint: Side-mounted,Accelerometer Proximity Compass,187 g,Dual SIM Nano-SIM,USB Type-C 2.0 ,5.0,90Hz
Realme 9i,1080x2412 pixels,290,   IPS LCD,Triple,400 ppi,6.6 inches,50 MP f/1.8 2 MP f/2.4 2 MP f/2.4 16 MP f/2.1,5000 mAh,2022January10,Octa-core 4x2.4 GHz Kryo 265 Gold & 4x1.9 GHz Kryo 265 Silver,6 nm,Snapdragon 680       ,Adreno 610    ,Android 11, 64/128GB  ,2.2,microSDXC,Stereo Speakers  ,Fingerprint: Side-mounted,Accelerometer Proximity Compass,190 g,Dual SIM Nano-SIM,USB Type-C 2.0 ,5.0,90Hz
Oppo Reno6 Pro 5G,1080x2400 pixels,549,   AMOLED,Quad,402 ppi,6.55 inches,64 MP f/1.7 8 MP f/2.2 2 MP f/2.4 2 MP f/2.4 32 MP f/2.4,4500 mAh,2021May27,Octa-core 1x3.0 GHz Cortex-A78 & 3x2.6 GHz Cortex-A78 & 4x2.0 GHz Cortex-A55,6 nm,   MediaTek MT6893   ,  Mali-G77 MC9  ,Android 11, 128/256GB  ,2.1,No microSD, Loudspeaker ,unknown,Accelerometer Gyro Proximity Compass,177 g,Dual SIM Nano-SIM,USB Type-C 3.1 ,5.2,90Hz
Oppo Reno8,1080x2400 pixels,339,   AMOLED,Triple,409 ppi,6.43 inches,64 MP f/1.7 2 MP f/3.3 2 MP f/2.4 32 MP f/2.4,4500 mAh,2022August17,Octa-core 4x2.4 GHz Kryo 265 Gold & 4x1.9 GHz Kryo 265 Silver,6 nm,Snapdragon 680       ,Adreno 610    ,Android 12,  256GB ,2.2,microSDXC, Loudspeaker ,Fingerprint: Under display,Accelerometer Gyro Proximity Compass,182 g,Dual SIM Nano-SIM,USB Type-C 2.0 ,5.1,90Hz
Oppo Reno6 5G,1080x2400 pixels,440,   AMOLED,Triple,409 ppi,6.43 inches,64 MP f/1.7 8 MP f/2.2 2 MP f/2.4 32 MP f/2.4,4300 mAh,2021May27,Octa-core 2x2.4 GHz Cortex-A78 & 6x2.0 GHz Cortex-A55,6 nm,   MediaTek MT6877   ,  Mali-G78 MC4  ,Android 11, 128/256GB  ,2.1,No microSD, Loudspeaker ,Fingerprint: Under display,Accelerometer Gyro Proximity Compass,182 g,Dual SIM Nano-SIM,USB Type-C 3.1 ,5.2,90Hz
OnePlus Nord N20 SE,720x1612 pixels,179,   IPS LCD,Dual,269 ppi,6.56 inches,50 MP f/1.8 2 MP f/2.4 8 MP f/2.0,5000 mAh,2022August05,Octa-core 4x2.3 GHz Cortex-A53 & 4x1.8 GHz Cortex-A53,12 nm,   MediaTek MT6765G   ,  PowerVR GE8320  ,Android 12 OxygenOS 12.1, 64/128GB  ,unknown,microSDXC,Stereo Speakers  ,Fingerprint: Side-mounted,Accelerometer Proximity Compass,unknown,Dual SIM Nano-SIM,USB Type-C 2.0 ,5.0,90Hz
Nokia 8210 4G,480x640 pixels,59,   TFT LCD,Single,286 ppi,2.8 inches,unknown,1450 mAh,2022July12,unknown,22 nm,   Unisoc T107   ,  Unisoc T107  ,unknown,   128MB,unknown,microSDHC,unknown,unknown,unknown,107 g,Nano-SIM Dual SIM Nano-SIM, microUSB 2.0,5.0,unknown
Nokia 3310,240x320 pixels,70,   TFT,Single,167 ppi,2.4 inches,2 MP,1200 mAh,unknown,unknown,unknown,    Snapdragon  ,  NA     NA     NA     NA  ,unknown,unknown,unknown,unknown, Loudspeaker ,unknown,unknown,85 g,Micro-SIM Dual SIM Micro-SIM,unknown,3.0,unknown
OnePlus Nord CE 3 Lite,1080x2400 pixels,362,   IPS LCD,Triple,391 ppi,6.72 inches,108 MP f/1.8 2 MP f/2.4 2 MP f/2.4 16 MP f/2.4,5000 mAh,2023April04,Octa-core 2x2.2 GHz Kryo 660 Gold & 6x1.7 GHz Kryo 660 Silver,6 nm,Snapdragon 695       ,Adreno 619    ,Android 13 OxygenOS 13.1, 128/256GB  ,2.2,microSDXC,Stereo Speakers  ,Fingerprint: Side-mounted,Accelerometer Gyro Proximity Compass,195 g,Dual SIM Nano-SIM,USB Type-C 2.0 ,5.1,120Hz
Nokia 6310 2021,240x320 pixels,48,   TFT,Single,143 ppi,2.8 inches,unknown,1150 mAh,2021July27,unknown,28 nm,     Unisoc 6531F ,unknown,unknown,  16GB ,unknown,microSDHC, Loudspeaker ,unknown,unknown,98 g,Dual SIM Nano-SIM,unknown,5.0,unknown
Nokia 5710 XpressAudio,480x640 pixels,69,   TFT LCD,Single,333 ppi,2.4 inches,unknown,1450 mAh,2022July12,unknown,22 nm,   Unisoc T107   ,  Unisoc T107  ,unknown,   128MB,unknown,microSDHC,unknown,unknown,unknown,1 g,Nano-SIM Dual SIM Nano-SIM, microUSB 2.0,5.0,unknown
Nokia 2660 Flip,480x640 pixels,59,   TFT LCD,Single,286 ppi,2.8 inches,unknown,1450 mAh,2022July12,unknown,22 nm,   Unisoc T107   ,  Unisoc T107  ,unknown,   128MB,unknown,microSDHC, Loudspeaker ,unknown,unknown,123 g,Nano-SIM Dual SIM Nano-SIM, microUSB 2.0,4.2,unknown
OnePlus 10T,1080x2412 pixels,649,   Fluid AMOLED,Triple,394 ppi,6.7 inches,50 MP f/1.8 OIS 8 MP f/2.2 2 MP f/2.4 16 MP f/2.4,4800 mAh,2022August03,Octa-core 1x3.19 GHz Cortex-X2 & 3x2.75 GHz Cortex-A710 & 4x1.80 GHz Cortex-A510,4 nm, Snapdragon 8     ,Adreno 730    ,Android 12 OxygenOS 12.1, 128/256GB  ,3.1,No microSD,Stereo Speakers  ,Fingerprint: Under display,Accelerometer Gyro Proximity Compass,204 g,Dual SIM Nano-SIM,USB Type-C 2.0 ,5.3,120Hz
Xiaomi Poco C50,720x1600 pixels,79,   IPS LCD,Dual,269 ppi,6.52 inches,8 MP f/2.0 08 MP 5 MP f/2.2,5000 mAh,2023January03,unknown,12 nm,   MediaTek MT6761   ,  PowerVR GE8320  ,Android 12,  32GB ,unknown,microSDXC, Loudspeaker ,Fingerprint: Rear-mounted,Accelerometer,192 g,Dual SIM Nano-SIM, microUSB 2.0,5.0,unknown
Xiaomi Redmi 10A,720x1600 pixels,100,   IPS LCD,Single,269 ppi,6.53 inches,13 MP f/2.2 5 MP,5000 mAh,2022March29,Octa-core 4x2.0 GHz Cortex-A53 & 4x1.5 GHz Cortex-A53,12 nm,   MediaTek MT6762G   ,  PowerVR GE8320  ,Android 11 MIUI 12.5,32/64/128GB   ,unknown,microSDXC, Loudspeaker ,Fingerprint: Rear-mounted,Accelerometer Proximity,194 g,Dual SIM Nano-SIM, microUSB 2.0,5.0,unknown
Xiaomi Redmi 12C,720x1650 pixels,100,   IPS LCD,Dual,268 ppi,6.71 inches,50 MP 5 MP,5000 mAh,2022December31,Octa-core 2x2.0 GHz Cortex-A75 & 6x1.8 GHz Cortex-A55,12 nm,   MediaTek MT6769Z   ,  Mali-G52 MC2  ,Android 12 MIUI 13,32/64/128GB   ,unknown,microSDXC, Loudspeaker ,Fingerprint: Rear-mounted,Accelerometer,192 g,Dual SIM Nano-SIM, microUSB 2.0,5.1,unknown
Xiaomi Redmi A2+,720x1600 pixels,130,   IPS LCD,Dual,269 ppi,6.52 inches,8 MP f/2.0 08 MP 5 MP f/2.2,5000 mAh,2023March24,Octa-core 4x2.2 GHz Cortex-A53 & 4x1.7 GHz Cortex-A53,12 nm,    MediaTek Helio G36  ,  PowerVR GE8320  ,Android 12, 32/64GB  ,unknown,microSDXC, Loudspeaker ,Fingerprint: Rear-mounted,Accelerometer,192 g,Dual SIM Nano-SIM, microUSB 2.0,5.0,unknown
Xiaomi Redmi A1+,720x1600 pixels,118,   IPS LCD,Dual,269 ppi,6.52 inches,8 MP 3 MP 5 MP,5000 mAh,2022September23,unknown,12 nm,   MediaTek MT6761   ,  PowerVR GE8320  ,Android 12 MIUI 12,  32GB ,unknown,microSDXC, Loudspeaker ,unknown,Accelerometer,192 g,Dual SIM Nano-SIM, microUSB 2.0,5.0,unknown
Xiaomi Poco C55,720x1650 pixels,115,   IPS LCD,Dual,268 ppi,6.71 inches,50 MP f/1.8 08 MP 5 MP,5000 mAh,2023February21,Octa-core 2x2.0 GHz Cortex-A75 & 6x1.8 GHz Cortex-A55,12 nm,   MediaTek MT6769Z   ,  Mali-G52 MC2  ,Android 12 MIUI 13, 64/128GB  ,unknown,microSDXC, Loudspeaker ,Fingerprint: Rear-mounted,Accelerometer,192 g,Dual SIM Nano-SIM, microUSB 2.0,5.0,unknown
Xiaomi Poco C40,720x1650 pixels,150,   IPS LCD,Dual,268 ppi,6.71 inches,13 MP 2 MP f/2.4 5 MP,6000 mAh,2022June06,Octa-core 4x2.0 GHz Cortex-A55 & 4x1.5 GHz Cortex-A55,11 nm,   JLQ JR510   ,  Mali-G57 MC1  ,Android 11, 32/64GB  ,unknown,microSDXC, Loudspeaker ,Fingerprint: Rear-mounted,Accelerometer Proximity,204 g,Dual SIM Nano-SIM,USB Type-C 2.0 ,5.0,unknown
Xiaomi Redmi 11 Prime,1080x2408 pixels,160,   IPS LCD,Triple,401 ppi,6.58 inches,50 MP f/1.8 2 MP f/2.4 2 MP f/2.4 8 MP,5000 mAh,2022September06,Octa-core 2x2.2 GHz Cortex-A76 & 6x2.0 GHz Cortex-A55,6 nm,    MediaTek Helio G99  ,  Mali-G57 MC2  ,Android 12 MIUI 13, 64/128GB  ,2.2,microSDXC, Loudspeaker ,Fingerprint: Side-mounted,Accelerometer Proximity Compass,201 g,Dual SIM Nano-SIM,USB Type-C 2.0 ,5.3,90Hz
Xiaomi Redmi 10C,unknown,190,   IPS LCD,Dual,261 ppi,6.71 inches,50 MP f/1.8 2 MP f/2.4 5 MP f/2.0,5000 mAh,2022March21,Octa-core 4x2.4 GHz Kryo 265 Gold & 4x1.9 GHz Kryo 265 Silver,6 nm,Snapdragon 680       ,Adreno 610    ,Android 11 MIUI 13, 64/128GB  ,2.2,microSDXC, Loudspeaker ,Fingerprint: Rear-mounted,Accelerometer Proximity,190 g,Dual SIM Nano-SIM,USB Type-C 2.0 ,5.0,unknown
Xiaomi Poco M5,1080x2408 pixels,189,   IPS LCD,Triple,401 ppi,6.58 inches,50 MP f/1.8 2 MP f/2.4 2 MP f/2.4 5 MP f/2.2,5000 mAh,2022September05,Octa-core 2x2.2 GHz Cortex-A76 & 6x2.0 GHz Cortex-A55,6 nm,    MediaTek Helio G99  ,  Mali-G57 MC2  ,Android 12 MIUI 13, 64/128GB  ,2.2,microSDXC, Loudspeaker ,Fingerprint: Side-mounted,Accelerometer Proximity Compass,201 g,Dual SIM Nano-SIM,USB Type-C 2.0 ,5.3,90Hz
Xiaomi Redmi 10 2022,1080x2400 pixels,197,   IPS LCD,Quad,405 ppi,6.5 inches,50 MP f/1.8 8 MP f/2.2 2 MP f/2.4 2 MP f/2.4 8 MP f/2.0,5000 mAh,2022February15,Octa-core 2x2.0 GHz Cortex-A75 & 6x1.8 GHz Cortex-A55,12 nm,    MediaTek Helio G88  ,  Mali-G52 MC2  ,Android 11 MIUI 12.5, 64/128GB  ,unknown,microSDXC,Stereo Speakers  ,Fingerprint: Side-mounted,Accelerometer Proximity Compass,181 g,Dual SIM Nano-SIM,USB Type-C 2.0 ,5.1,90Hz
Xiaomi Redmi Note 12 4G,1080x2400 pixels,216,   AMOLED,Triple,395 ppi,6.67 inches,50 MP f/1.8 8 MP f/2.2 2 MP f/2.4 13 MP f/2.5,5000 mAh,2023March23,Octa-core 4x2.8 GHz Cortex-A73 & 4x1.9 GHz Cortex-A53,6 nm, Snapdragon 685     ,Adreno 610    ,Android 13 MIUI 14, 64/128GB  ,2.2,microSDXC, Loudspeaker ,Fingerprint: Side-mounted,Accelerometer Gyro Proximity,5 g,Dual SIM Nano-SIM,USB Type-C 2.0 ,5.0,120Hz
Xiaomi Poco M4 Pro 5G,1080x2400 pixels,266,   IPS LCD,Dual,399 ppi,6.6 inches,50 MP f/1.8 8 MP f/2.2 16 MP f/2.5,5000 mAh,2021November09,Octa-core 2x2.4 GHz Cortex-A76 & 6x2.0 GHz Cortex-A55,6 nm,    MediaTek Dimensity 810 5G  ,  Mali-G57 MC2  ,Android 11 MIUI 12.5,64/128/256GB   ,2.2,microSDXC,Stereo Speakers  ,Fingerprint: Side-mounted,Accelerometer Gyro Proximity Compass,195 g,Dual SIM Nano-SIM,USB Type-C 2.0 ,5.1,90Hz
Xiaomi Redmi 10 Prime,1080x2400 pixels,172,   IPS LCD,Quad,405 ppi,6.5 inches,50 MP f/1.8 8 MP f/2.2 2 MP f/2.4 2 MP f/2.4 8 MP f/2.0,6000 mAh,2021September03,Octa-core 2x2.0 GHz Cortex-A75 & 6x1.8 GHz Cortex-A55,12 nm,    MediaTek Helio G88  ,  Mali-G52 MC2  ,Android 11 MIUI 12.5, 64/128GB  ,unknown,microSDXC,Stereo Speakers  ,Fingerprint: Side-mounted,Accelerometer Proximity Compass,192 g,Dual SIM Nano-SIM,USB Type-C 2.0 ,5.1,90Hz
Xiaomi Redmi 12,1080x2460 pixels,153,   IPS LCD,Triple,396 ppi,6.79 inches,50 MP f/1.8 8 MP f/2.2 2 MP f/2.4 8 MP f/2.1,5000 mAh,2023June15,Octa-core 2x2.0 GHz Cortex-A75 & 6x1.8 GHz Cortex-A55,12 nm,    MediaTek Helio G88  ,  Mali-G52 MC2  ,Android 13 MIUI 14, 128/256GB  ,unknown,microSDXC, Loudspeaker ,Fingerprint: Side-mounted,Accelerometer Compass,5 g,Dual SIM Nano-SIM, USB Type-C,5.3,90Hz
Xiaomi Poco F3,1080x2400 pixels,417,   AMOLED,Triple,395 ppi,6.67 inches,48 MP f/1.8 8 MP f/2.2 5 MP f/2.4 20 MP f/2.5,4520 mAh,2021March21,Octa-core 1x3.2 GHz Kryo 585 & 3x2.42 GHz Kryo 585 & 4x1.80 GHz Kryo 585,7 nm,Snapdragon 870       ,Adreno 650    ,Android 11 MIUI 12, 128/256GB  ,3.1,No microSD,Stereo Speakers  ,Fingerprint: Side-mounted,Accelerometer Gyro Proximity Compass,196 g,Dual SIM Nano-SIM,USB Type-C 2.0 ,5.1,120Hz
Xiaomi Poco X3 Pro,1080x2400 pixels,298,   IPS LCD,Quad,395 ppi,6.67 inches,48 MP f/1.8 8 MP f/2.2 2 MP f/2.4 2 MP f/2.4 20 MP f/2.2,5160 mAh,2022March22,Octa-core 1x2.96 GHz Kryo 485 Gold & 3x2.42 GHz Kryo 485 Gold & 4x1.78 GHz Kryo 485 Silver,7 nm, Snapdragon 860     ,Adreno 640    ,Android 11 MIUI 12, 128/256GB  ,3.1,microSDXC,Stereo Speakers  ,Fingerprint: Side-mounted,Accelerometer Gyro Proximity Compass,215 g,Dual SIM Nano-SIM,USB Type-C 2.0 ,5.0,120Hz
Xiaomi Poco X4 Pro 5G,1080x2400 pixels,337,   AMOLED,Triple,395 ppi,6.67 inches,108 MP f/1.9 8 MP f/2.2 2 MP f/2.4 16 MP f/2.4,5000 mAh,2022February28,Octa-core 2x2.2 GHz Kryo 660 Gold & 6x1.7 GHz Kryo 660 Silver,6 nm,Snapdragon 695       ,Adreno 619    ,Android 11 MIUI 13, 128/256GB  ,2.2,microSDXC,Stereo Speakers  ,Fingerprint: Side-mounted,Accelerometer Gyro Proximity Compass,205 g,Dual SIM Nano-SIM,USB Type-C 2.0 ,5.1,120Hz
Xiaomi Redmi Note 12S,1080x2400 pixels,320,   AMOLED,Triple,409 ppi,6.43 inches,108 MP f/1.8 8 MP f/2.2 2 MP f/2.4 12 MP,5000 mAh,2023March06,Octa-core 2x2.05 GHz Cortex-A76 & 6x2.0 GHz Cortex-A55,12 nm,    MediaTek Helio G96  ,  Mali-G57 MC2  ,Android 13 MIUI 14,64/128/256GB   ,unknown,microSDXC,Stereo Speakers  ,Fingerprint: Side-mounted,Accelerometer Gyro Compass,188 g,Dual SIM Nano-SIM,USB Type-C 2.0 ,5.2,90Hz
Xiaomi Redmi Note 12 Pro,1080x2400 pixels,235,   OLED,Triple,395 ppi,6.67 inches,50 MP f/1.9 OIS 8 MP f/1.9 2 MP f/2.4 16 MP,5000 mAh,2022October27,Octa-core 2x2.6 GHz Cortex-A78 & 6x2.0 GHz Cortex-A55,6 nm,     MediaTek Dimensity 1080 ,  Mali-G68 MC4  ,Android 12 MIUI 13, 128/256GB  ,2.2,No microSD,  Stereo speakers,Fingerprint: Under display,Accelerometer Gyro Proximity Compass,187 g,Dual SIM Nano-SIM,USB Type-C 2.0 ,5.2,120Hz
Xiaomi Mi 11 Lite 5G,1080x2400 pixels,435,   AMOLED,Triple,402 ppi,6.55 inches,64 MP f/1.8 8 MP f/2.2 5 MP f/2.4 20 MP f/2.2,4250 mAh,2021March29,Octa-core 1x2.4 GHz Kryo 670 & 3x2.2 GHz Kryo 670 & 4x1.90 GHz Kryo 670,5 nm, Snapdragon 780G     ,Adreno 642    ,Android 11 MIUI 12,64/128/256GB   ,2.2,microSDXC,  Dual Speakers,Fingerprint: Side-mounted,Accelerometer Gyro Proximity Compass,159 g,Dual SIM Nano-SIM,USB Type-C 2.0 ,5.2,90Hz
Xiaomi 12X,1080x2400 pixels,502,   OLED,Triple,419 ppi,6.28 inches,50 MP f/1.9 OIS 13 MP f/2.4 5 MP 32 MP,4500 mAh,unknown,Octa-core 1x3.2 GHz Kryo 585 & 3x2.42 GHz Kryo 585 & 4x1.80 GHz Kryo 585,7 nm,Snapdragon 870       ,Adreno 650    ,Android 12 MIUI 13, 128/256GB  ,3.1,No microSD,unknown,Fingerprint: Under display,Accelerometer Gyro Proximity Compass,unknown,unknown,USB Type-C 2.0 ,5.2,120Hz
Xiaomi 11T,1080x2400 pixels,591,   AMOLED,Triple,395 ppi,6.67 inches,108 MP f/1.8 8 MP f/2.2 5 MP f/2.4 16 MP f/2.5,5000 mAh,2021September15,Octa-core 1x3.0 GHz Cortex-A78 & 3x2.6 GHz Cortex-A78 & 4x2.0 GHz Cortex-A55,6 nm,   MediaTek MT6893   ,  Mali-G77 MC9  ,Android 11, 128/256GB  ,3.1,No microSD,Stereo Speakers  ,Fingerprint: Side-mounted,Accelerometer Gyro Proximity Compass,203 g,Dual SIM Nano-SIM,USB Type-C 2.0 ,5.2,120Hz
Xiaomi Mix Fold2,1914x2160 pixels,1340,   Foldable LTPO2 OLED    AMOLED,Triple,360 ppi,8.02 inches,50 MP f/1.8 OIS 8 MP f/2.6 2x optical zoom 13 MP f/2.4 20 MP,4500 mAh,2022August11,Octa-core 1x3.19 GHz Cortex-X2 & 3x2.75 GHz Cortex-A710 & 4x1.80 GHz Cortex-A510,4 nm, Snapdragon 8     ,Adreno 730    ,Android 12,256/512/1000GB   ,3.1,No microSD,Stereo Speakers  ,Fingerprint: Under display,Accelerometer Gyro Proximity Compass Barometer,262 g,Dual SIM Nano-SIM, USB Type-C,5.2,120Hz
Xiaomi Redmi Note 12 Pro+,1080x2400 pixels,304,   OLED,Triple,395 ppi,6.67 inches,200 MP f/1.7 OIS 8 MP f/1.9 2 MP f/2.4 16 MP,5000 mAh,2022October27,Octa-core 2x2.6 GHz Cortex-A78 & 6x2.0 GHz Cortex-A55,6 nm,     MediaTek Dimensity 1080 ,  Mali-G68 MC4  ,Android 12 MIUI 13,  256GB ,2.2,No microSD,Stereo Speakers  ,Fingerprint: Under display,Accelerometer Gyro Proximity Compass,4 g,Dual SIM Nano-SIM,USB Type-C 2.0 ,5.2,120Hz
Apple iPhone 14,1170x2532 pixels,799,   Super Retina XDR OLED,Dual,460 ppi,6.1 inches,12 MP f/1.5 OIS 12 MP f/2.4 12 MP f/1.9,3279 mAh,2022September07,Hexa-core 2x3.23 GHz Avalanche + 4x1.82 GHz Blizzard,5 nm,   Apple A15 Bionic   ,   Apple GPU Apple GPU,iOS 16,128/256/512GB   ,unknown,No microSD,Stereo Speakers  ,Face ID,Accelerometer Gyro Proximity Compass Barometer,172 g,Dual SIM Nano-SIM eSIM eSIM eSIM Dual SIM Nano-SIM, USB 2.0,5.3,unknown
Apple iPhone 15 Pro,1179x2556 pixels,999,   LTPO Super Retina XDR OLED,Quad,461 ppi,6.1 inches,48 MP f/1.8 OIS 12 MP f/2.8 OIS 3x optical zoom 12 MP f/2.2 12 MP f/1.9 OIS,3274 mAh,2023September12,unknown,3 nm,    Apple A17 Pro  ,   Apple GPU Apple GPU,iOS 17,256/512/1000GB   ,unknown,No microSD,Stereo Speakers  ,Face ID,Accelerometer Gyro Proximity Compass,187 g,Nano-SIM eSIM eSIM Dual SIM Nano-SIM,USB Type-C 3.0 ,5.3,120Hz
Apple iPhone 15,1179x2556 pixels,799,   Super Retina XDR OLED,Dual,461 ppi,6.1 inches,48 MP f/1.6 OIS 12 MP f/2.4 12 MP f/1.9,3349 mAh,2023September12,Hexa-core 2x3.46 GHz Everest + 4x2.02 GHz Sawtooth,4 nm,   Apple A16 Bionic   ,   Apple GPU Apple GPU,iOS 17,128/256/512GB   ,unknown,No microSD,Stereo Speakers  ,Face ID,Accelerometer Gyro Proximity Compass,171 g,Nano-SIM eSIM eSIM Dual SIM Nano-SIM,USB Type-C 2.0 ,5.3,unknown
Apple iPhone 14 Pro,1179x2556 pixels,999,   LTPO Super Retina XDR OLED,Quad,460 ppi,6.1 inches,48 MP f/1.8 OIS 12 MP f/2.8 OIS 3x optical zoom 12 MP f/2.2 12 MP f/1.9,3200 mAh,2022September07,unknown,4 nm,   Apple A16 Bionic   ,   Apple GPU Apple GPU,iOS 16,256/512/1000GB   ,unknown,No microSD,Stereo Speakers  ,Face ID,Accelerometer Gyro Proximity Compass Barometer,206 g,Dual SIM Nano-SIM eSIM eSIM eSIM Dual SIM Nano-SIM, USB 2.0,5.3,120Hz
Apple iPhone 15 Pro Max,1290x2796 pixels,1199,   LTPO Super Retina XDR OLED,Quad,460 ppi,6.7 inches,48 MP f/1.8 OIS 12 MP f/2.8 OIS 5x optical zoom 12 MP f/2.2 12 MP f/1.9 OIS,4422 mAh,2023September12,unknown,3 nm,    Apple A17 Pro  ,   Apple GPU Apple GPU,iOS 17,256/512/1000GB   ,unknown,No microSD,Stereo Speakers  ,Face ID,Accelerometer Gyro Proximity Compass,221 g,Nano-SIM eSIM eSIM Dual SIM Nano-SIM,USB Type-C 3.0 ,5.3,120Hz
Xiaomi Redmi Note 12 Turbo,1080x2400 pixels,290,   OLED,Triple,395 ppi,6.67 inches,64 MP OIS 8 MP f/2.2 2 MP f/2.4 16 MP,5000 mAh,2023March28,Octa-core 1x2.91 GHz Cortex-A710 & 3x2.49 GHz Cortex-A710 & 4x1.8 GHz Cortex-A510,4 nm, Snapdragon 7     ,Adreno 725    ,Android 13 MIUI 14,256/512/1000GB   ,3.1,No microSD,Stereo Speakers  ,Fingerprint: Under display,Accelerometer Gyro Proximity Compass,181 g,Dual SIM Nano-SIM,USB Type-C 2.0 ,5.3,120Hz
Apple iPhone 14 Pro Max,1290x2796 pixels,1099,   LTPO Super Retina XDR OLED,Quad,460 ppi,6.7 inches,48 MP f/1.8 OIS 12 MP f/2.8 OIS 3x optical zoom 12 MP f/2.2 12 MP f/1.9,4323 mAh,2022September07,unknown,4 nm,   Apple A16 Bionic   ,   Apple GPU Apple GPU,iOS 16,256/512/1000GB   ,unknown,No microSD,Stereo Speakers  ,Face ID,Accelerometer Gyro Proximity Compass Barometer,240 g,Dual SIM Nano-SIM eSIM eSIM eSIM Dual SIM Nano-SIM, USB 2.0,5.3,120Hz
Huawei Y6P,720x1600 pixels,165,   IPS LCD,Triple,278 ppi,6.3 inches,13 MP f/1.8 5 MP f/2.2 2 MP f/2.4 8 MP f/2.0,5000 mAh,2020May05,Octa-core 4x2.0 GHz Cortex-A53 & 4x1.5 GHz Cortex-A53,12 nm,   MediaTek MT6762R   ,  PowerVR GE8320  ,Android 10,  64GB ,unknown,microSDXC, Loudspeaker ,Fingerprint: Rear-mounted,Accelerometer Proximity,185 g,Nano-SIM Dual SIM Nano-SIM, microUSB 2.0,5.0,unknown
